{
  "actions": [
    {
      "name": "/actions/default/in/LeftTrigger",
      "type": "vector1"
    },
    {
      "name": "/actions/default/in/RightTrigger",
      "type": "vector1"
    },
    {
      "name": "/actions/default/in/LeftGrip",
      "type": "boolean"
    },
    {
      "name": "/actions/default/in/RightGrip",
      "type": "boolean"
    },
    {
      "name": "/actions/default/in/LeftJoystick",
      "type": "vector2"
    },
    {
      "name": "/actions/default/in/RightJoystick",
      "type": "vector2"
    },
    {
      "name": "/actions/default/in/ClickLeftJoystick",
      "type": "boolean"
    },
    {
      "name": "/actions/default/in/ClickRightJoystick",
      "type": "boolean"
    },
    {
      "name": "/actions/default/in/ButtonB",
      "type": "boolean"
    },
    {
      "name": "/actions/default/in/ButtonY",
      "type": "boolean"
    },
    {
      "name": "/actions/default/in/ButtonA",
      "type": "boolean"
    },
    {
      "name": "/actions/default/in/ButtonX",
      "type": "boolean"
    },
    {
      "name": "/actions/default/in/NorthDPAD",
      "type": "boolean"
    },
    {
      "name": "/actions/default/in/EastDPAD",
      "type": "boolean"
    },
    {
      "name": "/actions/default/in/SouthDPAD",
      "type": "boolean"
    },
    {
      "name": "/actions/default/in/WestDPAD",
      "type": "boolean"
    },
    {
      "name": "/actions/default/in/Back",
      "type": "boolean"
    },
    {
      "name": "/actions/default/in/Start",
      "type": "boolean"
    },
    {
      "name": "/actions/default/in/SkeletonLeftHand",
      "type": "skeleton",
      "skeleton": "/skeleton/hand/left",
      "requirement": "suggested"
    },
    {
      "name": "/actions/default/in/SkeletonRightHand",
      "type": "skeleton",
      "skeleton": "/skeleton/hand/right"
    },
    {
      "name": "/actions/default/in/LeftHandPose",
      "type": "pose"
    },
    {
      "name": "/actions/default/in/RightHandPose",
      "type": "pose"
    },
    {
      "name": "/actions/default/out/Haptic",
      "type": "vibration"
    }
  ],
  "action_sets": [
    {
      "name": "/actions/default",
      "usage": "leftright"
    },
    {
      "name": "/actions/NewSet",
      "usage": "single"
    }
  ],
  "default_bindings": [
    {
      "controller_type": "vive_controller",
      "binding_url": "bindings_vive_controller.json"
    },
    {
      "controller_type": "oculus_touch",
      "binding_url": "bindings_oculus_touch.json"
    },
    {
      "controller_type": "knuckles",
      "binding_url": "bindings_knuckles.json"
    },
    {
      "controller_type": "holographic_controller",
      "binding_url": "bindings_holographic_controller.json"
    },
    {
      "controller_type": "vive_cosmos_controller",
      "binding_url": "bindings_vive_cosmos_controller.json"
    },
    {
      "controller_type": "vive_cosmos",
      "binding_url": "binding_vive_cosmos.json"
    },
    {
      "controller_type": "vive",
      "binding_url": "binding_vive.json"
    },
    {
      "controller_type": "index_hmd",
      "binding_url": "binding_index_hmd.json"
    },
    {
      "controller_type": "vive_pro",
      "binding_url": "binding_vive_pro.json"
    },
    {
      "controller_type": "rift",
      "binding_url": "binding_rift.json"
    },
    {
      "controller_type": "holographic_hmd",
      "binding_url": "binding_holographic_hmd.json"
    },
    {
      "controller_type": "vive_tracker_camera",
      "binding_url": "binding_vive_tracker_camera.json"
    }
  ],
  "localization": [
    {
      "language_tag": "en_US",
      "/actions/default/out/Haptic": "Haptic"
    }
  ]
}