{
  "bindings": {
    "/actions/default": {
      "chords": [],
      "poses": [],
      "haptics": [
        {
          "output": "/actions/default/out/haptic",
          "path": "/user/hand/left/output/haptic"
        },
        {
          "output": "/actions/default/out/haptic",
          "path": "/user/hand/right/output/haptic"
        }
      ],
      "sources": [],
      "skeleton": []
    }
  },
  "controller_type": "vive_cosmos_controller",
  "description": "",
  "name": "vive_cosmos_controller"
}