{
   "action_manifest_version" : 0,
   "alias_info" : {},
   "bindings" : {
      "/actions/default" : {
         "chords" : [],
         "haptics" : [
            {
               "output" : "/actions/default/out/haptic",
               "path" : "/user/hand/left/output/haptic"
            },
            {
               "output" : "/actions/default/out/haptic",
               "path" : "/user/hand/right/output/haptic"
            }
         ],
         "poses" : [
            {
               "output" : "none",
               "path" : "/user/hand/left/pose/base"
            },
            {
               "output" : "none",
               "path" : "/user/hand/right/pose/base"
            },
            {
               "output" : "none",
               "path" : "/user/hand/left/pose/gdc2015"
            },
            {
               "output" : "none",
               "path" : "/user/hand/right/pose/gdc2015"
            },
            {
               "output" : "/actions/default/in/lefthandpose",
               "path" : "/user/hand/left/pose/raw"
            },
            {
               "output" : "/actions/default/in/righthandpose",
               "path" : "/user/hand/right/pose/raw"
            },
            {
               "output" : "none",
               "path" : "/user/hand/left/pose/handgrip"
            },
            {
               "output" : "none",
               "path" : "/user/hand/right/pose/handgrip"
            },
            {
               "output" : "none",
               "path" : "/user/hand/left/pose/tip"
            },
            {
               "output" : "none",
               "path" : "/user/hand/right/pose/tip"
            }
         ],
         "skeleton" : [
            {
               "output" : "/actions/default/in/skeletonlefthand",
               "path" : "/user/hand/left/input/skeleton/left"
            },
            {
               "output" : "/actions/default/in/skeletonrighthand",
               "path" : "/user/hand/right/input/skeleton/right"
            }
         ],
         "sources" : [
            {
               "inputs" : {},
               "mode" : "none",
               "path" : "/user/hand/left/input/trackpad"
            },
            {
               "inputs" : {
                  "east" : {
                     "output" : "/actions/default/in/eastdpad"
                  },
                  "north" : {
                     "output" : "/actions/default/in/northdpad"
                  },
                  "south" : {
                     "output" : "/actions/default/in/southdpad"
                  },
                  "west" : {
                     "output" : "/actions/default/in/westdpad"
                  }
               },
               "mode" : "dpad",
               "parameters" : {
                  "sub_mode" : "click"
               },
               "path" : "/user/hand/left/input/trackpad"
            },
            {
               "inputs" : {
                  "click" : {
                     "output" : "/actions/default/in/clickleftjoystick"
                  },
                  "position" : {
                     "output" : "/actions/default/in/leftjoystick"
                  }
               },
               "mode" : "joystick",
               "path" : "/user/hand/left/input/thumbstick"
            },
            {
               "inputs" : {
                  "click" : {
                     "output" : "/actions/default/in/buttony"
                  }
               },
               "mode" : "button",
               "path" : "/user/hand/left/input/b"
            },
            {
               "inputs" : {
                  "click" : {
                     "output" : "/actions/default/in/buttonx"
                  }
               },
               "mode" : "button",
               "path" : "/user/hand/left/input/a"
            },
            {
               "inputs" : {
                  "grab" : {
                     "output" : "/actions/default/in/leftgrip"
                  }
               },
               "mode" : "grab",
               "path" : "/user/hand/left/input/grip"
            },
            {
               "inputs" : {
                  "click" : {
                     "output" : "/actions/default/in/lefttrigger"
                  }
               },
               "mode" : "trigger",
               "path" : "/user/hand/left/input/trigger"
            },
            {
               "inputs" : {
                  "click" : {
                     "output" : "/actions/default/in/righttrigger"
                  }
               },
               "mode" : "trigger",
               "path" : "/user/hand/right/input/trigger"
            },
            {
               "inputs" : {
                  "click" : {
                     "output" : "/actions/default/in/clickrightjoystick"
                  },
                  "position" : {
                     "output" : "/actions/default/in/rightjoystick"
                  }
               },
               "mode" : "joystick",
               "path" : "/user/hand/right/input/thumbstick"
            },
            {
               "inputs" : {
                  "click" : {
                     "output" : "/actions/default/in/buttonb"
                  }
               },
               "mode" : "button",
               "path" : "/user/hand/right/input/b"
            },
            {
               "inputs" : {
                  "click" : {
                     "output" : "/actions/default/in/buttona"
                  }
               },
               "mode" : "button",
               "path" : "/user/hand/right/input/a"
            },
            {
               "inputs" : {
                  "grab" : {
                     "output" : "/actions/default/in/rightgrip"
                  }
               },
               "mode" : "grab",
               "path" : "/user/hand/right/input/grip"
            },
            {
               "inputs" : {
                  "north" : {
                     "output" : "/actions/default/in/back"
                  },
                  "south" : {
                     "output" : "/actions/default/in/start"
                  }
               },
               "mode" : "dpad",
               "parameters" : {
                  "sub_mode" : "click"
               },
               "path" : "/user/hand/right/input/trackpad"
            }
         ]
      }
   },
   "category" : "steamvr_input",
   "controller_type" : "knuckles",
   "description" : "",
   "interaction_profile" : "",
   "name" : "Unity VR Index Configuration",
   "options" : {},
   "simulated_actions" : []
}
