{
   "action_manifest_version" : 0,
   "alias_info" : {},
   "bindings" : {
      "/actions/default" : {
         "chords" : [
            {
               "inputs" : [
                  [ "/user/hand/left/input/grip", "click" ],
                  [ "/user/hand/left/input/trackpad", "north" ]
               ],
               "output" : "/actions/default/in/northdpad"
            },
            {
               "inputs" : [
                  [ "/user/hand/left/input/grip", "click" ],
                  [ "/user/hand/left/input/trackpad", "south" ]
               ],
               "output" : "/actions/default/in/southdpad"
            },
            {
               "inputs" : [
                  [ "/user/hand/left/input/grip", "click" ],
                  [ "/user/hand/right/input/trackpad", "south" ]
               ],
               "output" : "/actions/default/in/eastdpad"
            },
            {
               "inputs" : [
                  [ "/user/hand/left/input/grip", "click" ],
                  [ "/user/hand/right/input/trackpad", "north" ]
               ],
               "output" : "/actions/default/in/westdpad"
            }
         ],
         "haptics" : [
            {
               "output" : "/actions/default/out/haptic",
               "path" : "/user/hand/left/output/haptic"
            },
            {
               "output" : "/actions/default/out/haptic",
               "path" : "/user/hand/right/output/haptic"
            }
         ],
         "poses" : [
            {
               "output" : "/actions/default/in/lefthandpose",
               "path" : "/user/hand/left/pose/raw"
            },
            {
               "output" : "/actions/default/in/righthandpose",
               "path" : "/user/hand/right/pose/raw"
            }
         ],
         "skeleton" : [
            {
               "output" : "/actions/default/in/skeletonlefthand",
               "path" : "/user/hand/left/input/skeleton/left"
            },
            {
               "output" : "/actions/default/in/skeletonrighthand",
               "path" : "/user/hand/right/input/skeleton/right"
            }
         ],
         "sources" : [
            {
               "inputs" : {
                  "position" : {
                     "output" : "/actions/default/in/leftjoystick"
                  },
                  "touch" : {
                     "output" : "/actions/default/in/clickleftjoystick"
                  }
               },
               "mode" : "joystick",
               "path" : "/user/hand/left/input/trackpad"
            },
            {
               "inputs" : {
                  "click" : {
                     "output" : "/actions/default/in/buttonx"
                  },
                  "held" : {
                     "output" : "/actions/default/in/rightgrip"
                  }
               },
               "mode" : "button",
               "path" : "/user/hand/right/input/grip"
            },
            {
               "inputs" : {
                  "click" : {
                     "output" : "/actions/default/in/lefttrigger"
                  }
               },
               "mode" : "trigger",
               "path" : "/user/hand/left/input/trigger"
            },
            {
               "inputs" : {
                  "south" : {
                     "output" : "/actions/default/in/buttona"
                  }
               },
               "mode" : "dpad",
               "parameters" : {
                  "sub_mode" : "click"
               },
               "path" : "/user/hand/right/input/trackpad"
            },
            {
               "inputs" : {
                  "north" : {
                     "output" : "/actions/default/in/buttonb"
                  }
               },
               "mode" : "dpad",
               "parameters" : {
                  "sub_mode" : "click"
               },
               "path" : "/user/hand/right/input/trackpad"
            },
            {
               "inputs" : {
                  "long" : {
                     "output" : "/actions/default/in/back"
                  }
               },
               "mode" : "button",
               "path" : "/user/hand/right/input/b"
            },
            {
               "inputs" : {
                  "east" : {
                     "output" : "/actions/default/in/eastdpad"
                  },
                  "north" : {
                     "output" : "/actions/default/in/northdpad"
                  },
                  "south" : {
                     "output" : "/actions/default/in/southdpad"
                  },
                  "west" : {
                     "output" : "/actions/default/in/westdpad"
                  }
               },
               "mode" : "dpad",
               "parameters" : {
                  "sub_mode" : "click"
               },
               "path" : "/user/hand/left/input/trackpad"
            },
            {
               "inputs" : {
                  "long" : {
                     "output" : "/actions/default/in/start"
                  }
               },
               "mode" : "button",
               "path" : "/user/hand/left/input/x"
            },
            {
               "inputs" : {
                  "north" : {
                     "output" : "/actions/default/in/buttony"
                  }
               },
               "mode" : "dpad",
               "parameters" : {
                  "sub_mode" : "click"
               },
               "path" : "/user/hand/left/input/trackpad"
            },
            {
               "inputs" : {
                  "click" : {
                     "output" : "/actions/default/in/righttrigger"
                  }
               },
               "mode" : "trigger",
               "path" : "/user/hand/right/input/trigger"
            },
            {
               "inputs" : {
                  "click" : {
                     "output" : "/actions/default/in/clickrightjoystick"
                  },
                  "position" : {
                     "output" : "/actions/default/in/rightjoystick"
                  }
               },
               "mode" : "joystick",
               "path" : "/user/hand/right/input/trackpad"
            },
            {
               "inputs" : {
                  "click" : {
                     "output" : "/actions/default/in/buttony"
                  },
                  "held" : {
                     "output" : "/actions/default/in/leftgrip"
                  },
                  "long" : {
                     "output" : "/actions/default/in/buttony"
                  }
               },
               "mode" : "button",
               "path" : "/user/hand/left/input/grip"
            },
            {
               "inputs" : {
                  "click" : {
                     "output" : "/actions/default/in/start"
                  }
               },
               "mode" : "button",
               "path" : "/user/hand/left/input/application_menu"
            },
            {
               "inputs" : {
                  "click" : {
                     "output" : "/actions/default/in/back"
                  }
               },
               "mode" : "button",
               "path" : "/user/hand/right/input/application_menu"
            }
         ]
      }
   },
   "category" : "steamvr_input",
   "controller_type" : "vive_controller",
   "interaction_profile" : "",
   "name" : "Unity VR Vive Configuration",
   "options" : {
      "simulate_hmd" : true,
      "simulate_rendermodel" : true,
      "simulated_controller_type" : "oculus_touch"
   },
   "simulated_actions" : []
}
