{
   "action_manifest_version" : 0,
   "alias_info" : {},
   "bindings" : {
      "/actions/default" : {
         "chords" : [
            {
               "inputs" : [
                  [ "/user/hand/left/input/grip", "click" ],
                  [ "/user/hand/left/input/y", "click" ]
               ],
               "output" : "/actions/default/in/northdpad"
            },
            {
               "inputs" : [
                  [ "/user/hand/left/input/grip", "click" ],
                  [ "/user/hand/left/input/x", "click" ]
               ],
               "output" : "/actions/default/in/southdpad"
            },
            {
               "inputs" : [
                  [ "/user/hand/left/input/grip", "click" ],
                  [ "/user/hand/right/input/a", "click" ]
               ],
               "output" : "/actions/default/in/eastdpad"
            },
            {
               "inputs" : [
                  [ "/user/hand/left/input/grip", "click" ],
                  [ "/user/hand/right/input/b", "click" ]
               ],
               "output" : "/actions/default/in/westdpad"
            }
         ],
         "haptics" : [
            {
               "output" : "/actions/default/out/haptic",
               "path" : "/user/hand/left/output/haptic"
            },
            {
               "output" : "/actions/default/out/haptic",
               "path" : "/user/hand/right/output/haptic"
            }
         ],
         "poses" : [
            {
               "output" : "/actions/default/in/lefthandpose",
               "path" : "/user/hand/left/pose/raw"
            },
            {
               "output" : "/actions/default/in/righthandpose",
               "path" : "/user/hand/right/pose/raw"
            }
         ],
         "skeleton" : [
            {
               "output" : "/actions/default/in/skeletonlefthand",
               "path" : "/user/hand/left/input/skeleton/left"
            },
            {
               "output" : "/actions/default/in/skeletonrighthand",
               "path" : "/user/hand/right/input/skeleton/right"
            }
         ],
         "sources" : [
            {
               "inputs" : {
                  "click" : {
                     "output" : "/actions/default/in/clickleftjoystick"
                  },
                  "position" : {
                     "output" : "/actions/default/in/leftjoystick"
                  }
               },
               "mode" : "joystick",
               "path" : "/user/hand/left/input/joystick"
            },
            {
               "inputs" : {
                  "click" : {
                     "output" : "/actions/default/in/rightgrip"
                  }
               },
               "mode" : "button",
               "path" : "/user/hand/right/input/grip"
            },
            {
               "inputs" : {
                  "click" : {
                     "output" : "/actions/default/in/lefttrigger"
                  }
               },
               "mode" : "trigger",
               "path" : "/user/hand/left/input/trigger"
            },
            {
               "inputs" : {
                  "click" : {
                     "output" : "/actions/default/in/buttona"
                  }
               },
               "mode" : "button",
               "path" : "/user/hand/right/input/a"
            },
            {
               "inputs" : {
                  "click" : {
                     "output" : "/actions/default/in/buttonb"
                  },
                  "long" : {
                     "output" : "/actions/default/in/back"
                  }
               },
               "mode" : "button",
               "path" : "/user/hand/right/input/b"
            },
            {
               "inputs" : {
                  "click" : {
                     "output" : "/actions/default/in/buttonx"
                  }
               },
               "mode" : "button",
               "path" : "/user/hand/left/input/x"
            },
            {
               "inputs" : {
                  "click" : {
                     "output" : "/actions/default/in/buttony"
                  },
                  "long" : {
                     "output" : "/actions/default/in/start"
                  }
               },
               "mode" : "button",
               "path" : "/user/hand/left/input/y"
            },
            {
               "inputs" : {
                  "click" : {
                     "output" : "/actions/default/in/righttrigger"
                  }
               },
               "mode" : "trigger",
               "path" : "/user/hand/right/input/trigger"
            },
            {
               "inputs" : {
                  "click" : {
                     "output" : "/actions/default/in/clickrightjoystick"
                  },
                  "position" : {
                     "output" : "/actions/default/in/rightjoystick"
                  }
               },
               "mode" : "joystick",
               "path" : "/user/hand/right/input/joystick"
            },
            {
               "inputs" : {
                  "click" : {
                     "output" : "/actions/default/in/leftgrip"
                  }
               },
               "mode" : "button",
               "path" : "/user/hand/left/input/grip"
            }
         ]
      }
   },
   "category" : "steamvr_input",
   "controller_type" : "oculus_touch",
   "description" : "",
   "interaction_profile" : "",
   "name" : "Unity VR configuration for Oculus Touch Controller",
   "options" : {
      "simulated_controller_type" : "none"
   },
   "simulated_actions" : []
}
